{"bmi_mae": 5.14007321000747, "bmi_cor": 0.08643093004424626, "age_mae": 7.63443656644412, "sex_auc": 0.9946512623020968, "model": "resnet50"}