{"bmi_mae": 6.0287270999286, "bmi_cor": 0.2820831834833115, "age_mae": 8.447111572431998, "sex_auc": 0.9994824016563146, "model": "vgg16"}