{"bmi_mae": 4.761208289361561, "bmi_cor": 0.2552454137193655, "age_mae": 7.8911620067684565, "sex_auc": 0.9965768078733419, "model": "vgg16"}