{"bmi_mae": 6.129233282036807, "bmi_cor": 0.27378549777581807, "age_mae": 9.616934345518688, "sex_auc": 0.9994248907292386, "model": "vgg16_seqMT"}